TRUNCATE TABLE C_LDG_CUSTOMER;
TRUNCATE TABLE C_LDG_CONTACT;
TRUNCATE TABLE C_LDG_TRAVEL_PROFILE;
TRUNCATE TABLE C_STG_PROMO_CUSTOMER;
TRUNCATE TABLE C_STG_PROMO_CONTACT;
TRUNCATE TABLE C_STG_PROMO_TRAVEL;
TRUNCATE TABLE C_STG_LOYALTY_CUSTOMER;
TRUNCATE TABLE C_STG_LOYALTY_CONTACT;
TRUNCATE TABLE C_STG_LOYALTY_TRAVEL;
TRUNCATE TABLE C_STG_TKT_TRAVEL_PROFILE;
TRUNCATE TABLE C_STG_TKT_CUSTOMER;
TRUNCATE TABLE C_STG_TKT_CONTACT;
TRUNCATE TABLE C_BO_CUSTOMER;
TRUNCATE TABLE C_BO_CUSTOMER_XREF;
TRUNCATE TABLE C_LDG_LKP_GENDER;
TRUNCATE TABLE C_LDG_LKP_TIER;
TRUNCATE TABLE C_STG_LKP_GENDER;
TRUNCATE TABLE C_STG_LKP_TIER;
TRUNCATE TABLE C_LKP_GENDER;
TRUNCATE TABLE C_LKP_TIER;
TRUNCATE TABLE C_BO_CONTACT;
TRUNCATE TABLE C_BO_CONTACT_XREF;
TRUNCATE TABLE C_BO_TRAVEL_PROFILE;
TRUNCATE TABLE C_BO_TRAVEL_PROFILE_XREF;

INSERT INTO C_LDG_LKP_GENDER( LAST_UPDATE_DATE, GENDER_CODE, GENDER_DESC) 
VALUES 
('2026-04-22 16:39:05','M', 'Male'),
('2026-04-22 16:39:05','F', 'Female'),
('2026-04-22 16:39:05', 'U', 'Unknown');

-- ============================================================================
-- POPULATE C_LKP_TIER
-- ============================================================================
-- Standardizes aviation loyalty tiers.

INSERT INTO C_LDG_LKP_TIER(LAST_UPDATE_DATE, TIER_CODE, TIER_DESC) 
VALUES 
('2026-04-22 16:39:05','SLV', 'Silver'),
('2026-04-22 16:39:05','GLD', 'Gold'),
('2026-04-22 16:39:05','PLT', 'Platinum');

-- ============================================================================
-- 2. POPULATE C_LDG_CUSTOMER
-- ============================================================================

-- From SYS_TKT (tkt_customer.out)
INSERT INTO C_LDG_CUSTOMER (CUSTOMER_ID, SRC_SYSTEM, LAST_UPDATE_DATE, FIRST_NAME, LAST_NAME, DOB, GENDER_CODE) VALUES 
('TKT-CUST-1001', 'SYS_TKT', '2026-04-23 22:35:33', 'Rajesh', 'Kumar', '1985-06-15', 'M'),
('TKT-CUST-1002', 'SYS_TKT', '2026-04-23 22:35:33', 'Priya', 'Sharma', '1990-03-22', 'F'),
('TKT-CUST-1003', 'SYS_TKT', '2026-04-23 22:35:33', 'Anil', 'Desai', '1978-11-30', 'M'),
('TKT-CUST-1004', 'SYS_TKT', '2026-04-23 22:35:33', 'Sneha', 'Patil', '1995-07-04', 'F'),
('TKT-CUST-1005', 'SYS_TKT', '2026-04-23 22:35:33', 'Vikram', 'Joshi', '1982-01-19', 'M'),
('TKT-CUST-1006', 'SYS_TKT', '2026-04-23 22:35:33', 'Meena', 'Nair', '1993-09-08', 'F'),
('TKT-CUST-1007', 'SYS_TKT', '2026-04-23 22:35:33', 'Suresh', 'Iyer', '1970-12-25', 'M'),
('TKT-CUST-1008', 'SYS_TKT', '2026-04-23 22:35:33', NULL, 'Mehta', '1988-04-11', 'M'),
('TKT-CUST-1009', 'SYS_TKT', '2026-04-23 22:35:33', 'Kavita', 'Rao', '2030-01-01', 'F'),
('TKT-CUST-1010', 'SYS_TKT', '2026-04-23 22:35:33', 'Rajash', 'Cumar', '1985-06-15', 'M');

-- From SYS_LOYALTY (loyalty_customer.out)
INSERT INTO C_LDG_CUSTOMER (CUSTOMER_ID, SRC_SYSTEM, LAST_UPDATE_DATE, FIRST_NAME, LAST_NAME, DOB, GENDER_CODE) VALUES 
('LYL-CUST-1001', 'SYS_LOYALTY', '2026-04-23 22:35:51', 'Rajesh', 'Kumar', '1985-06-15', 'M'),
('LYL-CUST-1011', 'SYS_LOYALTY', '2026-04-23 22:35:51', 'Anita', 'Verma', '1987-04-30', 'F'),
('LYL-CUST-1012', 'SYS_LOYALTY', '2026-04-23 22:35:51', 'Deepak', 'Malhotra', '1980-08-14', 'M'),
('LYL-CUST-1002', 'SYS_LOYALTY', '2026-04-23 22:35:51', 'Priya', 'Sharma', '1990-03-22', 'F'),
('LYL-CUST-1013', 'SYS_LOYALTY', '2026-04-23 22:35:51', 'Rohit', 'Chauhan', '1975-11-05', 'M'),
('LYL-CUST-1014', 'SYS_LOYALTY', '2026-04-23 22:35:51', 'Sunita', 'Bose', '1992-02-18', 'F'),
('LYL-CUST-1003', 'SYS_LOYALTY', '2026-04-23 22:35:51', 'Anil', 'Desai', '1978-11-30', 'M'),
('LYL-CUST-1015', 'SYS_LOYALTY', '2026-04-23 22:35:51', NULL, 'Saxena', '1983-07-07', 'M');
-- Duplicate row intentionally commented out to prevent MDM batch failure:
-- ('LYL-CUST-1001', 'SYS_LOYALTY', '2026-04-23 22:35:51', 'Rajesh', 'Kumar', '1985-06-15', 'M');

-- From SYS_PROMO (promo_customer.out)
INSERT INTO C_LDG_CUSTOMER (CUSTOMER_ID, SRC_SYSTEM, LAST_UPDATE_DATE, FIRST_NAME, LAST_NAME, DOB, GENDER_CODE) VALUES 
('PRO-CUST-1016', 'SYS_PROMO', '2026-04-23 22:36:06', 'Pooja', 'Singh', NULL, NULL),
('PRO-CUST-1017', 'SYS_PROMO', '2026-04-23 22:36:06', 'Harish', 'Nanda', NULL, NULL),
('PRO-CUST-1018', 'SYS_PROMO', '2026-04-23 22:36:06', 'Rekha', 'Pillai', NULL, NULL),
('PRO-CUST-1019', 'SYS_PROMO', '2026-04-23 22:36:06', 'Sanjay', 'Tiwari', NULL, NULL),
('PRO-CUST-1020', 'SYS_PROMO', '2026-04-23 22:36:06', 'Divya', 'Menon', NULL, NULL),
('PRO-CUST-1001', 'SYS_PROMO', '2026-04-23 22:36:06', 'Rajesh', 'Kumar', NULL, NULL),
('PRO-CUST-1021', 'SYS_PROMO', '2026-04-23 22:36:06', 'Amit', 'Kulkarni', NULL, NULL),
('PRO-CUST-1022', 'SYS_PROMO', '2026-04-23 22:36:06', NULL, 'Ghosh', NULL, NULL),
('PRO-CUST-1002', 'SYS_PROMO', '2026-04-23 22:36:06', 'Priyaa', 'Sharmaa', NULL, NULL);


-- ============================================================================
-- 3. POPULATE C_LDG_CONTACT
-- ============================================================================

-- From SYS_TKT (tkt_contact.out)
INSERT INTO C_LDG_CONTACT (CONTACT_ID, CUSTOMER_ID, SRC_SYSTEM, LAST_UPDATE_DATE, EMAIL_ADDRESS, PHONE_NUM) VALUES 
('CUST-1001_CT', 'TKT-CUST-1001', 'SYS_TKT', '2026-04-23 22:35:33', 'rajesh.kumar@gmail.com', '+91-9876543210'),
('CUST-1002_CT', 'TKT-CUST-1002', 'SYS_TKT', '2026-04-23 22:35:33', 'priya.sharma@yahoo.com', '+91-9823456789'),
('CUST-1003_CT', 'TKT-CUST-1003', 'SYS_TKT', '2026-04-23 22:35:33', 'anil.desai@outlook.com', '+91-9845001234'),
('CUST-1004_CT', 'TKT-CUST-1004', 'SYS_TKT', '2026-04-23 22:35:33', 'sneha.patil@hotmail.com', '+91-9012345678'),
('CUST-1005_CT', 'TKT-CUST-1005', 'SYS_TKT', '2026-04-23 22:35:33', 'vikram.joshi@gmail.com', '+91-9765432101'),
('CUST-1006_CT', 'TKT-CUST-1006', 'SYS_TKT', '2026-04-23 22:35:33', 'meena.nair@gmail.com', '+91-9834560011'),
('CUST-1007_CT', 'TKT-CUST-1007', 'SYS_TKT', '2026-04-23 22:35:33', 'suresh.iyer@rediffmail.com', '+91-9988776655'),
('CUST-1008_CT', 'TKT-CUST-1008', 'SYS_TKT', '2026-04-23 22:35:33', 'mehta88@gmail.com', '+91-9000011112'),
('CUST-1009_CT', 'TKT-CUST-1009', 'SYS_TKT', '2026-04-23 22:35:33', 'kavita.rao@gmail.com', '+91-9111222333'),
('CUST-1010_CT', 'TKT-CUST-1010', 'SYS_TKT', '2026-04-23 22:35:33', 'rajesh.kumar@gmail.com', '+91-9876543210');

-- From SYS_LOYALTY (loyalty_contact.out)
INSERT INTO C_LDG_CONTACT (CONTACT_ID, CUSTOMER_ID, SRC_SYSTEM, LAST_UPDATE_DATE, EMAIL_ADDRESS, PHONE_NUM) VALUES 
('CUST-1001_CT', 'LYL-CUST-1001', 'SYS_LOYALTY', '2026-04-23 22:35:51', 'rajesh.kumar@gmail.com', '+91-9876543210'),
('CUST-1011_CT', 'LYL-CUST-1011', 'SYS_LOYALTY', '2026-04-23 22:35:51', 'anita.verma@gmail.com', '+91-9823001122'),
('CUST-1012_CT', 'LYL-CUST-1012', 'SYS_LOYALTY', '2026-04-23 22:35:51', 'deepak.m@yahoo.com', '+91-9900887766'),
('CUST-1002_CT', 'LYL-CUST-1002', 'SYS_LOYALTY', '2026-04-23 22:35:51', 'priya.sharma@yahoo.com', '+91-9823456789'),
('CUST-1013_CT', 'LYL-CUST-1013', 'SYS_LOYALTY', '2026-04-23 22:35:51', 'rohit.chauhan@outlook.com', '+91-9756432198'),
('CUST-1014_CT', 'LYL-CUST-1014', 'SYS_LOYALTY', '2026-04-23 22:35:51', 'sunita.bose@gmail.com', '+91-9643219870'),
('CUST-1003_CT', 'LYL-CUST-1003', 'SYS_LOYALTY', '2026-04-23 22:35:51', 'anil.desai@outlook.com', '+91-9845001234'),
('CUST-1015_CT', 'LYL-CUST-1015', 'SYS_LOYALTY', '2026-04-23 22:35:51', 'saxena.83@hotmail.com', '+91-9900001234');
-- Duplicate row intentionally commented out:
-- ('CUST-1001_CT', 'LYL-CUST-1001', 'SYS_LOYALTY', '2026-04-23 22:35:51', 'rk_alt@gmail.com', '+91-9876000000');

-- From SYS_PROMO (promo_contact.out)
INSERT INTO C_LDG_CONTACT (CONTACT_ID, CUSTOMER_ID, SRC_SYSTEM, LAST_UPDATE_DATE, EMAIL_ADDRESS, PHONE_NUM) VALUES 
('CUST-1016_CT', 'PRO-CUST-1016', 'SYS_PROMO', '2026-04-23 22:36:06', 'pooja.singh@gmail.com', '+91-9812345678'),
('CUST-1017_CT', 'PRO-CUST-1017', 'SYS_PROMO', '2026-04-23 22:36:06', 'harish.nanda@yahoo.com', '+91-9745632100'),
('CUST-1018_CT', 'PRO-CUST-1018', 'SYS_PROMO', '2026-04-23 22:36:06', 'rekha.pillai@gmail.com', '+91-9600012345'),
('CUST-1019_CT', 'PRO-CUST-1019', 'SYS_PROMO', '2026-04-23 22:36:06', 'sanjay.tiwari@outlook.com', '+91-9855443322'),
('CUST-1020_CT', 'PRO-CUST-1020', 'SYS_PROMO', '2026-04-23 22:36:06', 'divya.menon@hotmail.com', '+91-9700098765'),
('CUST-1001_CT', 'PRO-CUST-1001', 'SYS_PROMO', '2026-04-23 22:36:06', 'rajesh.kumar@gmail.com', '+91-9876543210'),
('CUST-1021_CT', 'PRO-CUST-1021', 'SYS_PROMO', '2026-04-23 22:36:06', 'amit.kulkarni@gmail.com', '+91-9811223344'),
('CUST-1022_CT', 'PRO-CUST-1022', 'SYS_PROMO', '2026-04-23 22:36:06', 'ghosh.promo@gmail.com', '+91-9988001122'),
('CUST-1002_CT', 'PRO-CUST-1002', 'SYS_PROMO', '2026-04-23 22:36:06', 'priya.sharma@yahoo.com', '+91-9823456789');


-- ============================================================================
-- 4. POPULATE C_LDG_TRAVEL_PROFILE
-- ============================================================================

-- From SYS_TKT (tkt_travel_profile.out)
INSERT INTO C_LDG_TRAVEL_PROFILE (TRAVEL_ID, CUSTOMER_ID, SRC_SYSTEM, LAST_UPDATE_DATE, FF_NUMBER, TIER_CODE) VALUES 
('CUST-1001_TR', 'TKT-CUST-1001', 'SYS_TKT', '2026-04-23 22:35:33', 'FF-TKT-001', NULL),
('CUST-1002_TR', 'TKT-CUST-1002', 'SYS_TKT', '2026-04-23 22:35:33', 'FF-TKT-002', NULL),
('CUST-1003_TR', 'TKT-CUST-1003', 'SYS_TKT', '2026-04-23 22:35:33', 'FF-TKT-003', NULL),
('CUST-1004_TR', 'TKT-CUST-1004', 'SYS_TKT', '2026-04-23 22:35:33', 'FF-TKT-004', NULL),
('CUST-1005_TR', 'TKT-CUST-1005', 'SYS_TKT', '2026-04-23 22:35:33', 'FF-TKT-005', NULL),
('CUST-1006_TR', 'TKT-CUST-1006', 'SYS_TKT', '2026-04-23 22:35:33', 'FF-TKT-006', NULL),
('CUST-1007_TR', 'TKT-CUST-1007', 'SYS_TKT', '2026-04-23 22:35:33', 'FF-TKT-007', NULL),
('CUST-1008_TR', 'TKT-CUST-1008', 'SYS_TKT', '2026-04-23 22:35:33', 'FF-TKT-008', NULL),
('CUST-1009_TR', 'TKT-CUST-1009', 'SYS_TKT', '2026-04-23 22:35:33', 'FF-TKT-009', NULL),
('CUST-1010_TR', 'TKT-CUST-1010', 'SYS_TKT', '2026-04-23 22:35:33', 'FF-TKT-010', NULL);

-- From SYS_LOYALTY (loyalty_travel_profile.out)
INSERT INTO C_LDG_TRAVEL_PROFILE (TRAVEL_ID, CUSTOMER_ID, SRC_SYSTEM, LAST_UPDATE_DATE, FF_NUMBER, TIER_CODE) VALUES 
('CUST-1001_TR', 'LYL-CUST-1001', 'SYS_LOYALTY', '2026-04-23 22:35:51', 'FF-TKT-001', 'GLD'),
('CUST-1011_TR', 'LYL-CUST-1011', 'SYS_LOYALTY', '2026-04-23 22:35:51', 'FF-LOY-002', 'SLV'),
('CUST-1012_TR', 'LYL-CUST-1012', 'SYS_LOYALTY', '2026-04-23 22:35:51', 'FF-LOY-003', 'PLT'),
('CUST-1002_TR', 'LYL-CUST-1002', 'SYS_LOYALTY', '2026-04-23 22:35:51', 'FF-TKT-002', 'SLV'),
('CUST-1013_TR', 'LYL-CUST-1013', 'SYS_LOYALTY', '2026-04-23 22:35:51', 'FF-LOY-005', 'GLD'),
('CUST-1014_TR', 'LYL-CUST-1014', 'SYS_LOYALTY', '2026-04-23 22:35:51', 'FF-LOY-006', 'PLT'),
('CUST-1003_TR', 'LYL-CUST-1003', 'SYS_LOYALTY', '2026-04-23 22:35:51', 'FF-TKT-003', 'GLD'),
('CUST-1015_TR', 'LYL-CUST-1015', 'SYS_LOYALTY', '2026-04-23 22:35:51', 'FF-LOY-008', 'SLV');
-- Duplicate row intentionally commented out:
-- ('CUST-1001_TR', 'LYL-CUST-1001', 'SYS_LOYALTY', '2026-04-23 22:35:51', 'FF-TKT-001', 'GLD');

-- From SYS_PROMO (promo_travel_profile.out)
INSERT INTO C_LDG_TRAVEL_PROFILE (TRAVEL_ID, CUSTOMER_ID, SRC_SYSTEM, LAST_UPDATE_DATE, FF_NUMBER, TIER_CODE) VALUES 
('CUST-1016_TR', 'PRO-CUST-1016', 'SYS_PROMO', '2026-04-23 22:36:06', NULL, NULL),
('CUST-1017_TR', 'PRO-CUST-1017', 'SYS_PROMO', '2026-04-23 22:36:06', NULL, NULL),
('CUST-1018_TR', 'PRO-CUST-1018', 'SYS_PROMO', '2026-04-23 22:36:06', NULL, NULL),
('CUST-1019_TR', 'PRO-CUST-1019', 'SYS_PROMO', '2026-04-23 22:36:06', NULL, NULL),
('CUST-1020_TR', 'PRO-CUST-1020', 'SYS_PROMO', '2026-04-23 22:36:06', NULL, NULL),
('CUST-1001_TR', 'PRO-CUST-1001', 'SYS_PROMO', '2026-04-23 22:36:06', NULL, NULL),
('CUST-1021_TR', 'PRO-CUST-1021', 'SYS_PROMO', '2026-04-23 22:36:06', NULL, NULL),
('CUST-1022_TR', 'PRO-CUST-1022', 'SYS_PROMO', '2026-04-23 22:36:06', NULL, NULL),
('CUST-1002_TR', 'PRO-CUST-1002', 'SYS_PROMO', '2026-04-23 22:36:06', NULL, NULL);

TRUNCATE TABLE C_LKP_GENDER_XREF;
TRUNCATE TABLE C_LKP_TIER_XREF;
SELECT * FROM C_BO_CUSTOMER;